39,"John Smith",Male,"42, Bradford str.",user@mail.com
40,"Mary Lambert",Female,"33, Krone str.",user2@mail.com
41,"new user",Female,"33, Krone str.",userN@mail.com
42,"new user",Female,"33, Krone str.",userN@mail.com
43,"new user",Female,"33, Krone str.",userN@mail.com
44,"new user",Female,"33, Krone str.",userN@mail.com
45,"new user",Female,"33, Krone str.",userN@mail.com
46,"new user",Female,"33, Krone str.",userN@mail.com
47,"new user",Female,"33, Krone str.",userN@mail.com
48,"new user",Female,"33, Krone str.",userN@mail.com
49,"new user",Female,"33, Krone str.",userN@mail.com
50,"new user",Female,"33, Krone str.",userN@mail.com
51,"new user",Female,"33, Krone str.",userN@mail.com
52,"new user",Female,"33, Krone str.",userN@mail.com
53,"new user",Female,"33, Krone str.",userN@mail.com
54,"new user",Female,"33, Krone str.",userN@mail.com
55,"new user",Female,"33, Krone str.",userN@mail.com
56,"new user",Female,"33, Krone str.",userN@mail.com
57,"new user",Female,"33, Krone str.",userN@mail.com
58,"new user",Female,"33, Krone str.",userN@mail.com
59,"new user",Female,"33, Krone str.",userN@mail.com
60,"new user",Female,"33, Krone str.",userN@mail.com
61,"new user",Female,"33, Krone str.",userN@mail.com
62,"new user",Female,"33, Krone str.",userN@mail.com
63,"new user",Female,"33, Krone str.",userN@mail.com
64,"new user",Female,"33, Krone str.",userN@mail.com
65,"new user",Female,"33, Krone str.",userN@mail.com
66,"new user",Female,"33, Krone str.",userN@mail.com
67,"new user",Female,"33, Krone str.",userN@mail.com
68,"new user",Female,"33, Krone str.",userN@mail.com
69,"new user",Female,"33, Krone str.",userN@mail.com
70,"new user",Female,"33, Krone str.",userN@mail.com
71,"new user",Female,"33, Krone str.",userN@mail.com
